{
    "M01AB": {
        "forecast": [
            137.3393516323776,
            136.6108865644331,
            126.23322481369104,
            124.95880136425964,
            141.19741925653034,
            144.03904362797243,
            142.92769732756918,
            132.01976188784528,
            156.36669230065218,
            160.42192328694202,
            140.89866135401658,
            106.49441595589545,
            140.43120636885925,
            135.6919273692438,
            116.74890875085964,
            123.37300978015415,
            138.78243016101462,
            140.90036408429563,
            138.39752688036646,
            128.49201031360292,
            151.92236318433652,
            156.54141178767782,
            137.25418987872789,
            117.60238097237107,
            140.95692306857953,
            135.49866071296745,
            115.02020586381455,
            123.0602059433877,
            138.3209833755477,
            140.30918767388326,
            137.55691012776344,
            127.83108838046013,
            151.09713445252208,
            155.81725368375905,
            136.57234459496618,
            119.56507529524805
        ],
        "historical": [
            127.69,
            133.32,
            137.44000000000003,
            113.10000000000004,
            101.79000000000003,
            112.07000000000002,
            117.06000000000002,
            134.79000000000005,
            108.78000000000004,
            154.75000000000003,
            138.08000000000004,
            131.90000000000003,
            135.91000000000005,
            115.71,
            156.04000000000005,
            154.5,
            160.02,
            151.87000000000003,
            175.61000000000004,
            181.69000000000003,
            166.22000000000008,
            195.81000000000012,
            152.78000000000006,
            159.46000000000004,
            171.65000000000006,
            173.81000000000003,
            156.64000000000004,
            166.6100000000001,
            167.36000000000007,
            169.67000000000002,
            203.97000000000017,
            211.13000000000017,
            172.96000000000004,
            186.7600000000001,
            175.18000000000012,
            169.32000000000002,
            0.0,
            139.69000000000003,
            162.85000000000002,
            155.61000000000004,
            143.66,
            122.33,
            159.67,
            170.14999999999998,
            138.33,
            137.64,
            163.85000000000005,
            160.01000000000002,
            132.28,
            128.36,
            146.16,
            170.02000000000007,
            160.52000000000004,
            141.18,
            150.18,
            140.00000000000003,
            153.52,
            144.71000000000004,
            172.29000000000005,
            147.71000000000004,
            179.70000000000007,
            133.73000000000002,
            154.52000000000004,
            161.39000000000004,
            168.04000000000005,
            151.5400000000001,
            181.0,
            181.91000000000008,
            161.07000000000005,
            44.370000000000005
        ]
    },
    "M01AE": {
        "forecast": [
            80.90432628705076,
            90.57646109835721,
            121.56696102276848,
            104.437768368669,
            90.77372364107913,
            76.73103621025898,
            79.99322625245777,
            76.99654311905613,
            84.17448059376488,
            75.95308657955131,
            88.21788413035353,
            65.27629420765355,
            71.22993459188152,
            81.45045872065145,
            91.99412229929656,
            91.32617819269838,
            81.67467268029951,
            67.34756280298242,
            72.21999085938495,
            67.30076961306187,
            75.85266252895308,
            69.47156743628791,
            78.89048879586166,
            69.31155991866831,
            65.43788662202908,
            75.80154742182437,
            81.0083235113591,
            84.63697717385723,
            76.03279604822352,
            61.63144825112939,
            66.92416915710388,
            61.50314071534576,
            70.41365368769182,
            64.51290030288547,
            73.18901134287302,
            67.0979090100416
        ],
        "historical": [
            99.09000000000005,
            126.0500000000001,
            92.95000000000007,
            89.47500000000008,
            119.93300000000008,
            94.71000000000006,
            95.01000000000012,
            99.7800000000001,
            109.0940000000001,
            185.2410000000001,
            100.86000000000004,
            121.40100000000004,
            130.34900000000005,
            123.73999999999997,
            129.38599999999997,
            101.115,
            119.11700000000006,
            113.69,
            113.81000000000002,
            144.51900000000003,
            134.12200000000004,
            127.23099999999998,
            128.233,
            131.29100000000005,
            128.402,
            137.528,
            180.5890000000001,
            146.52600000000007,
            120.86099999999996,
            114.961,
            141.01900000000003,
            114.37499999999996,
            126.21799999999996,
            142.0560000000001,
            116.84999999999997,
            135.05600000000004,
            0.0,
            103.517,
            111.055,
            101.21500000000002,
            118.12500000000006,
            103.006,
            116.20600000000005,
            112.47,
            118.71100000000004,
            88.737,
            119.78000000000004,
            121.66300000000004,
            109.44599999999998,
            132.80400000000014,
            111.764,
            107.723,
            103.522,
            114.22600000000004,
            132.54900000000006,
            114.71900000000004,
            114.99200000000008,
            129.4000000000001,
            105.48700000000004,
            113.02400000000011,
            222.35100000000017,
            142.15500000000014,
            113.11800000000004,
            100.16500000000003,
            97.25800000000004,
            101.62700000000004,
            103.54100000000004,
            88.26900000000003,
            111.43700000000008,
            37.3
        ]
    },
    "N02BA": {
        "forecast": [
            76.41348340536231,
            79.73533264531503,
            64.43131899872607,
            85.32332699107168,
            81.59784288813869,
            68.94324587999114,
            74.07711586965979,
            75.49482265499678,
            65.77537831928254,
            64.85797838485553,
            64.30704623557445,
            52.44721607623987,
            72.14310473445198,
            67.50258424976647,
            54.81807636952933,
            74.32934703586471,
            67.85823677839967,
            57.24525580874224,
            63.65583822673013,
            64.80092971474285,
            55.001452796831956,
            53.18083591617789,
            53.788038584058825,
            34.75783323912853,
            58.69404754324446,
            54.98963163709622,
            41.99715873656607,
            61.67075727524896,
            55.52243951694895,
            44.66943375646187,
            50.92991810126791,
            52.10705990064317,
            42.316992099549,
            40.6025628930229,
            41.073608192428004,
            22.886395737261132
        ],